{"images": [{"file_name": "train_30116.jpg", "height": 640, "width": 480, "id": 1}, {"file_name": "train_30147.jpg", "height": 640, "width": 480, "id": 2}, {"file_name": "train_30183.jpg", "height": 640, "width": 480, "id": 3}, {"file_name": "train_30156.jpg", "height": 720, "width": 1280, "id": 4}, {"file_name": "train_29641.jpg", "height": 640, "width": 480, "id": 6}, {"file_name": "train_30185.jpg", "height": 640, "width": 480, "id": 8}, {"file_name": "train_30190.jpg", "height": 480, "width": 640, "id": 9}, {"file_name": "train_30101.jpg", "height": 320, "width": 240, "id": 10}, {"file_name": "train_30090.jpg", "height": 640, "width": 480, "id": 11}, {"file_name": "train_30169.jpg", "height": 320, "width": 240, "id": 12}, {"file_name": "train_30209.jpg", "height": 640, "width": 480, "id": 13}, {"file_name": "train_29635.jpg", "height": 640, "width": 480, "id": 14}, {"file_name": "train_30138.jpg", "height": 640, "width": 480, "id": 15}, {"file_name": "train_30123.jpg", "height": 640, "width": 480, "id": 16}, {"file_name": "train_30131.jpg", "height": 640, "width": 480, "id": 17}, {"file_name": "train_30180.jpg", "height": 640, "width": 480, "id": 18}, {"file_name": "train_30126.jpg", "height": 480, "width": 640, "id": 19}, {"file_name": "train_30178.jpg", "height": 640, "width": 480, "id": 20}], "annotations": [{"segmentation": [28, 43, 154, 43, 154, 188, 28, 188], "area": 18270, "iscrowd": 0, "image_id": 1, "bbox": [28, 43, 126, 145], "category_id": 1, "id": 0, "ignore": 0}, {"segmentation": [171, 57, 205, 57, 205, 112, 171, 112], "area": 1870, "iscrowd": 0, "image_id": 1, "bbox": [171, 57, 34, 55], "category_id": 1, "id": 1, "ignore": 0}, {"segmentation": [149, 88, 220, 88, 220, 212, 149, 212], "area": 8804, "iscrowd": 0, "image_id": 1, "bbox": [149, 88, 71, 124], "category_id": 1, "id": 2, "ignore": 0}, {"segmentation": [217, 97, 238, 97, 238, 218, 217, 218], "area": 2541, "iscrowd": 0, "image_id": 1, "bbox": [217, 97, 21, 121], "category_id": 1, "id": 3, "ignore": 0}, {"segmentation": [129, 125, 262, 125, 262, 212, 129, 212], "area": 11571, "iscrowd": 0, "image_id": 2, "bbox": [129, 125, 133, 87], "category_id": 2, "id": 4, "ignore": 0}, {"segmentation": [59, 128, 133, 128, 133, 216, 59, 216], "area": 6512, "iscrowd": 0, "image_id": 2, "bbox": [59, 128, 74, 88], "category_id": 2, "id": 5, "ignore": 0}, {"segmentation": [148, 165, 256, 165, 256, 272, 148, 272], "area": 11556, "iscrowd": 0, "image_id": 3, "bbox": [148, 165, 108, 107], "category_id": 2, "id": 6, "ignore": 0}, {"segmentation": [108, 264, 134, 264, 134, 318, 108, 318], "area": 1404, "iscrowd": 0, "image_id": 3, "bbox": [108, 264, 26, 54], "category_id": 2, "id": 7, "ignore": 0}, {"segmentation": [111, 171, 144, 171, 144, 220, 111, 220], "area": 1617, "iscrowd": 0, "image_id": 3, "bbox": [111, 171, 33, 49], "category_id": 2, "id": 8, "ignore": 0}, {"segmentation": [846, 89, 1067, 89, 1067, 123, 846, 123], "area": 7514, "iscrowd": 0, "image_id": 4, "bbox": [846, 89, 221, 34], "category_id": 1, "id": 9, "ignore": 0}, {"segmentation": [451, 51, 525, 51, 525, 111, 451, 111], "area": 4440, "iscrowd": 0, "image_id": 4, "bbox": [451, 51, 74, 60], "category_id": 1, "id": 10, "ignore": 0}, {"segmentation": [412, 77, 456, 77, 456, 119, 412, 119], "area": 1848, "iscrowd": 0, "image_id": 4, "bbox": [412, 77, 44, 42], "category_id": 1, "id": 11, "ignore": 0}, {"segmentation": [347, 197, 474, 197, 474, 221, 347, 221], "area": 3048, "iscrowd": 0, "image_id": 6, "bbox": [347, 197, 127, 24], "category_id": 1, "id": 12, "ignore": 0}, {"segmentation": [53, 240, 162, 240, 162, 261, 53, 261], "area": 2289, "iscrowd": 0, "image_id": 6, "bbox": [53, 240, 109, 21], "category_id": 1, "id": 13, "ignore": 0}, {"segmentation": [282, 290, 339, 290, 339, 376, 282, 376], "area": 4902, "iscrowd": 0, "image_id": 6, "bbox": [282, 290, 57, 86], "category_id": 2, "id": 14, "ignore": 0}, {"segmentation": [235, 301, 277, 301, 277, 360, 235, 360], "area": 2478, "iscrowd": 0, "image_id": 6, "bbox": [235, 301, 42, 59], "category_id": 2, "id": 15, "ignore": 0}, {"segmentation": [367, 55, 480, 55, 480, 255, 367, 255], "area": 22600, "iscrowd": 0, "image_id": 8, "bbox": [367, 55, 113, 200], "category_id": 1, "id": 16, "ignore": 0}, {"segmentation": [181, 27, 640, 27, 640, 229, 181, 229], "area": 92718, "iscrowd": 0, "image_id": 9, "bbox": [181, 27, 459, 202], "category_id": 2, "id": 17, "ignore": 0}, {"segmentation": [183, 287, 238, 287, 238, 434, 183, 434], "area": 8085, "iscrowd": 0, "image_id": 9, "bbox": [183, 287, 55, 147], "category_id": 2, "id": 18, "ignore": 0}, {"segmentation": [21, 309, 85, 309, 85, 405, 21, 405], "area": 6144, "iscrowd": 0, "image_id": 9, "bbox": [21, 309, 64, 96], "category_id": 2, "id": 19, "ignore": 0}, {"segmentation": [105, 50, 173, 50, 173, 181, 105, 181], "area": 8908, "iscrowd": 0, "image_id": 10, "bbox": [105, 50, 68, 131], "category_id": 2, "id": 20, "ignore": 0}, {"segmentation": [146, 49, 217, 49, 217, 185, 146, 185], "area": 9656, "iscrowd": 0, "image_id": 10, "bbox": [146, 49, 71, 136], "category_id": 2, "id": 21, "ignore": 0}, {"segmentation": [183, 153, 273, 153, 273, 368, 183, 368], "area": 19350, "iscrowd": 0, "image_id": 11, "bbox": [183, 153, 90, 215], "category_id": 2, "id": 22, "ignore": 0}, {"segmentation": [157, 156, 193, 156, 193, 370, 157, 370], "area": 7704, "iscrowd": 0, "image_id": 11, "bbox": [157, 156, 36, 214], "category_id": 2, "id": 23, "ignore": 0}, {"segmentation": [185, 151, 273, 151, 273, 369, 185, 369], "area": 19184, "iscrowd": 0, "image_id": 11, "bbox": [185, 151, 88, 218], "category_id": 3, "id": 24, "ignore": 0}, {"segmentation": [156, 153, 193, 153, 193, 371, 156, 371], "area": 8066, "iscrowd": 0, "image_id": 11, "bbox": [156, 153, 37, 218], "category_id": 3, "id": 25, "ignore": 0}, {"segmentation": [62, 12, 240, 12, 240, 150, 62, 150], "area": 24564, "iscrowd": 0, "image_id": 12, "bbox": [62, 12, 178, 138], "category_id": 2, "id": 26, "ignore": 0}, {"segmentation": [0, 141, 223, 141, 223, 208, 0, 208], "area": 14941, "iscrowd": 0, "image_id": 12, "bbox": [0, 141, 223, 67], "category_id": 2, "id": 27, "ignore": 0}, {"segmentation": [131, 66, 195, 66, 195, 322, 131, 322], "area": 16384, "iscrowd": 0, "image_id": 13, "bbox": [131, 66, 64, 256], "category_id": 2, "id": 28, "ignore": 0}, {"segmentation": [312, 483, 385, 483, 385, 518, 312, 518], "area": 2555, "iscrowd": 0, "image_id": 13, "bbox": [312, 483, 73, 35], "category_id": 2, "id": 29, "ignore": 0}, {"segmentation": [154, 79, 475, 79, 475, 204, 154, 204], "area": 40125, "iscrowd": 0, "image_id": 14, "bbox": [154, 79, 321, 125], "category_id": 2, "id": 30, "ignore": 0}, {"segmentation": [81, 98, 155, 98, 155, 244, 81, 244], "area": 10804, "iscrowd": 0, "image_id": 14, "bbox": [81, 98, 74, 146], "category_id": 2, "id": 31, "ignore": 0}, {"segmentation": [230, 160, 479, 160, 479, 275, 230, 275], "area": 28635, "iscrowd": 0, "image_id": 15, "bbox": [230, 160, 249, 115], "category_id": 2, "id": 32, "ignore": 0}, {"segmentation": [225, 284, 480, 284, 480, 343, 225, 343], "area": 15045, "iscrowd": 0, "image_id": 15, "bbox": [225, 284, 255, 59], "category_id": 2, "id": 33, "ignore": 0}, {"segmentation": [1, 285, 210, 285, 210, 338, 1, 338], "area": 11077, "iscrowd": 0, "image_id": 15, "bbox": [1, 285, 209, 53], "category_id": 2, "id": 34, "ignore": 0}, {"segmentation": [154, 38, 413, 38, 413, 105, 154, 105], "area": 17353, "iscrowd": 0, "image_id": 16, "bbox": [154, 38, 259, 67], "category_id": 2, "id": 35, "ignore": 0}, {"segmentation": [0, 89, 39, 89, 39, 130, 0, 130], "area": 1599, "iscrowd": 0, "image_id": 16, "bbox": [0, 89, 39, 41], "category_id": 2, "id": 36, "ignore": 0}, {"segmentation": [154, 39, 410, 39, 410, 105, 154, 105], "area": 16896, "iscrowd": 0, "image_id": 16, "bbox": [154, 39, 256, 66], "category_id": 1, "id": 37, "ignore": 0}, {"segmentation": [278, 366, 470, 366, 470, 458, 278, 458], "area": 17664, "iscrowd": 0, "image_id": 17, "bbox": [278, 366, 192, 92], "category_id": 1, "id": 38, "ignore": 0}, {"segmentation": [202, 130, 343, 130, 343, 378, 202, 378], "area": 34968, "iscrowd": 0, "image_id": 18, "bbox": [202, 130, 141, 248], "category_id": 3, "id": 39, "ignore": 0}, {"segmentation": [495, 80, 553, 80, 553, 100, 495, 100], "area": 1160, "iscrowd": 0, "image_id": 19, "bbox": [495, 80, 58, 20], "category_id": 2, "id": 40, "ignore": 0}, {"segmentation": [416, 120, 606, 120, 606, 165, 416, 165], "area": 8550, "iscrowd": 0, "image_id": 19, "bbox": [416, 120, 190, 45], "category_id": 2, "id": 41, "ignore": 0}, {"segmentation": [104, 98, 480, 98, 480, 214, 104, 214], "area": 43616, "iscrowd": 0, "image_id": 20, "bbox": [104, 98, 376, 116], "category_id": 1, "id": 42, "ignore": 0}], "categories": [{"name": "window_shielding", "id": 1}, {"name": "multi_signs", "id": 2}, {"name": "non_traffic_sign", "id": 3}]}