<annotation>
   <folder>down</folder>
   <filename>train_30183.jpg</filename>
   <path>./savePicture/train_30183.jpg</path>
   <source>
      <database>Unknown</database>
   </source>
   <size>
      <width>480</width>
      <height>640</height>
      <depth>3</depth>
   </size>
   <segmented>0</segmented>
   <object>
      <name>multi_signs</name>
      <editType />
      <pose>Unspecified</pose>
      <truncated>0</truncated>
      <difficult>0</difficult>
      <bndbox>
         <xmin>148</xmin>
         <ymin>165</ymin>
         <xmax>255</xmax>
         <ymax>271</ymax>
      </bndbox>
   </object>
   <object>
      <name>multi_signs</name>
      <editType />
      <pose>Unspecified</pose>
      <truncated>0</truncated>
      <difficult>0</difficult>
      <bndbox>
         <xmin>108</xmin>
         <ymin>264</ymin>
         <xmax>133</xmax>
         <ymax>317</ymax>
      </bndbox>
   </object>
   <object>
      <name>multi_signs</name>
      <editType />
      <pose>Unspecified</pose>
      <truncated>0</truncated>
      <difficult>0</difficult>
      <bndbox>
         <xmin>111</xmin>
         <ymin>171</ymin>
         <xmax>143</xmax>
         <ymax>219</ymax>
      </bndbox>
   </object>
</annotation>