<annotation>
   <folder>down</folder>
   <filename>train_30180.jpg</filename>
   <path>./savePicture/train_30180.jpg</path>
   <source>
      <database>Unknown</database>
   </source>
   <size>
      <width>480</width>
      <height>640</height>
      <depth>3</depth>
   </size>
   <segmented>0</segmented>
   <object>
      <name>non_traffic_sign</name>
      <editType />
      <pose>Unspecified</pose>
      <truncated>0</truncated>
      <difficult>0</difficult>
      <bndbox>
         <xmin>202</xmin>
         <ymin>130</ymin>
         <xmax>342</xmax>
         <ymax>377</ymax>
      </bndbox>
   </object>
</annotation>