<annotation>
   <folder>down</folder>
   <filename>train_30123.jpg</filename>
   <path>./savePicture/train_30123.jpg</path>
   <source>
      <database>Unknown</database>
   </source>
   <size>
      <width>480</width>
      <height>640</height>
      <depth>3</depth>
   </size>
   <segmented>0</segmented>
   <object>
      <name>multi_signs</name>
      <editType />
      <pose>Unspecified</pose>
      <truncated>0</truncated>
      <difficult>0</difficult>
      <bndbox>
         <xmin>154</xmin>
         <ymin>38</ymin>
         <xmax>412</xmax>
         <ymax>104</ymax>
      </bndbox>
   </object>
   <object>
      <name>multi_signs</name>
      <editType />
      <pose>Unspecified</pose>
      <truncated>0</truncated>
      <difficult>0</difficult>
      <bndbox>
         <xmin>0</xmin>
         <ymin>89</ymin>
         <xmax>38</xmax>
         <ymax>129</ymax>
      </bndbox>
   </object>
   <object>
      <name>window_shielding</name>
      <editType />
      <pose>Unspecified</pose>
      <truncated>0</truncated>
      <difficult>0</difficult>
      <bndbox>
         <xmin>154</xmin>
         <ymin>39</ymin>
         <xmax>409</xmax>
         <ymax>104</ymax>
      </bndbox>
   </object>
</annotation>