<annotation>
   <folder>down</folder>
   <filename>train_30147.jpg</filename>
   <path>./savePicture/train_30147.jpg</path>
   <source>
      <database>Unknown</database>
   </source>
   <size>
      <width>480</width>
      <height>640</height>
      <depth>3</depth>
   </size>
   <segmented>0</segmented>
   <object>
      <name>multi_signs</name>
      <editType />
      <pose>Unspecified</pose>
      <truncated>0</truncated>
      <difficult>0</difficult>
      <bndbox>
         <xmin>129</xmin>
         <ymin>125</ymin>
         <xmax>261</xmax>
         <ymax>211</ymax>
      </bndbox>
   </object>
   <object>
      <name>multi_signs</name>
      <editType />
      <pose>Unspecified</pose>
      <truncated>0</truncated>
      <difficult>0</difficult>
      <bndbox>
         <xmin>59</xmin>
         <ymin>128</ymin>
         <xmax>132</xmax>
         <ymax>215</ymax>
      </bndbox>
   </object>
</annotation>