<annotation>
   <folder>down</folder>
   <filename>train_30156.jpg</filename>
   <path>./savePicture/train_30156.jpg</path>
   <source>
      <database>Unknown</database>
   </source>
   <size>
      <width>1280</width>
      <height>720</height>
      <depth>3</depth>
   </size>
   <segmented>0</segmented>
   <object>
      <name>window_shielding</name>
      <editType />
      <pose>Unspecified</pose>
      <truncated>0</truncated>
      <difficult>0</difficult>
      <bndbox>
         <xmin>846</xmin>
         <ymin>89</ymin>
         <xmax>1066</xmax>
         <ymax>122</ymax>
      </bndbox>
   </object>
   <object>
      <name>window_shielding</name>
      <editType />
      <pose>Unspecified</pose>
      <truncated>0</truncated>
      <difficult>0</difficult>
      <bndbox>
         <xmin>451</xmin>
         <ymin>51</ymin>
         <xmax>524</xmax>
         <ymax>110</ymax>
      </bndbox>
   </object>
   <object>
      <name>window_shielding</name>
      <editType />
      <pose>Unspecified</pose>
      <truncated>0</truncated>
      <difficult>0</difficult>
      <bndbox>
         <xmin>412</xmin>
         <ymin>77</ymin>
         <xmax>455</xmax>
         <ymax>118</ymax>
      </bndbox>
   </object>
</annotation>